,ZIP_CODE,CITY,LONGITUDE,LATITUDE
0,98065,Snoqualmie,-121.83053,47.530639
1,98577,Raymond,-123.67708,46.668744
2,98506,Olympia,-122.87249,47.069339
3,98857,Warden,-119.0672,46.970666
4,98092,Auburn,-122.16328,47.297285
5,99003,Chattaroy,-117.29378,47.921687
6,98837,Moses Lake,-119.28455,47.133606
7,98592,Union,-123.07403,47.33179
8,98025,Hobart,-121.88496,47.430704
9,98364,Port Gamble,-122.59122,47.854503
10,98561,Menlo,-123.76903,46.514625
11,98926,Ellensburg,-120.52364,47.009726
12,98511,Tumwater,-123.030021,46.950223
13,99330,Eltopia,-119.06888,46.467186
14,98455,Tacoma,-122.113223,47.066193
15,98225,Bellingham,-122.48508,48.747578
16,99016,Greenacres,-117.15116,47.648693
17,98248,Ferndale,-122.61807,48.852655
18,99337,Kennewick,-119.10456,46.169982
19,98063,Federal Way,-121.803388,47.432251
20,98238,Conway,-122.34517,48.337796
21,98014,Carnation,-121.91265,47.648232
22,99008,Edwall,-117.93432,47.50505
23,98554,Lebam,-123.54788,46.561375
24,98908,Yakima,-120.61762,46.605303
25,98335,Gig Harbor,-122.60562,47.301252
26,98852,Stehekin,-120.73348,48.494944
27,98263,Lyman,-122.058644,48.534462
28,98687,Vancouver,-122.520347,45.801586
29,99163,Pullman,-117.18648,46.732705
30,99113,Colton,-117.16133,46.577614
31,98498,Lakewood,-122.55877,47.16062
32,99011,Fairchild Air Force Base,-117.67344,47.595572
33,99157,Northport,-117.81647,48.897876
34,98354,Milton,-122.31737,47.248208
35,98597,Yelm,-122.56719,46.893352
36,98222,Blakely Island,-122.80317,48.586563
37,98267,Marblemount,-121.43163,48.499159
38,98136,Seattle,-122.38803,47.538887
39,98342,Indianola,-122.53051,47.74878
40,98260,Langley,-122.44856,48.030555
41,99353,West Richland,-119.35457,46.297139
42,99102,Albion,-117.25208,46.793604
43,98224,Baring,-121.47607,47.763755
44,98178,Seattle,-122.24664,47.497971
45,98951,Wapato,-120.46721,46.457731
46,98550,Hoquiam,-123.91732,47.026913
47,98943,South Cle Elum,-120.95503,47.186592
48,98649,Toutle,-122.66054,46.352771
49,99136,Hay,-117.96015,46.669207
50,98133,Seattle,-122.34461,47.733852
51,98830,Mansfield,-119.54481,47.880616
52,98450,Tacoma,-122.113223,47.066193
53,98433,Tacoma,-122.57987,47.080682
54,98134,Seattle,-122.33441,47.57867
55,98056,Renton,-122.18372,47.510739
56,98033,Kirkland,-122.1934,47.67903
57,98404,Tacoma,-122.4156,47.212421
58,98602,Appleton,-121.29141,45.844123
59,98418,Tacoma,-122.113223,47.066193
60,98022,Enumclaw,-121.91915,47.193729
61,98252,Granite Falls,-121.82242,48.070852
62,98171,Seattle,-121.803388,47.432251
63,99203,Spokane,-117.40636,47.629091
64,99161,Palouse,-117.10575,46.905132
65,98228,Bellingham,-121.988548,48.814753
66,98145,Seattle,-121.803388,47.432251
67,98629,La Center,-122.62193,45.8768
68,98275,Mukilteo,-122.30293,47.916148
69,98184,Seattle,-121.803388,47.432251
70,98655,Hazel Dell North,-122.663954,45.678557
71,99019,Liberty Lake,-117.08628,47.656171
72,98061,Rollingbay,-122.576199,47.680763
73,98038,Maple Valley,-122.03553,47.381989
74,98108,Seattle,-122.31514,47.546188
75,98599,Olympia,-122.702393,46.978118
76,99104,Belmont,-117.176954,47.079345
77,98191,Seattle,-121.803388,47.432251
78,98116,Seattle,-122.39392,47.57487
79,98824,George,-119.860117,47.079243
80,98497,Lakewood,-122.113223,47.066193
81,98036,Lynnwood,-122.28394,47.808816
82,98361,Packwood,-121.61674,46.580048
83,98011,Bothell,-122.20257,47.751471
84,99180,Usk,-117.29236,48.295497
85,98603,Ariel,-122.45624,46.001752
86,98756,Ranier,-122.765,46.93945
87,98027,Issaquah,-122.02921,47.522828
88,98266,Maple Falls,-122.247881,48.853213
89,98442,Tacoma,-122.418495,47.308061
90,98127,Seattle,-122.33,47.61
91,98243,Deer Harbor,-123.02057,48.612763
92,99213,Spokane,-117.282483,47.656726
93,98540,East Olympia,-122.702393,46.978118
94,98274,Mount Vernon,-122.24432,48.371026
95,98500,Tumwater,-122.907649,46.985519
96,99359,Starbuck,-118.19393,46.523206
97,99151,Marcus,-118.06417,48.664206
98,98481,Tacoma,-122.113223,47.066193
99,98434,Tacoma,-122.113223,47.066193
100,98344,Kapowsin,-122.222642,46.989916
101,98062,Seahurst,-121.803388,47.432251
102,98324,Carlsborg,-123.872972,48.18315
103,98155,Seattle,-122.30373,47.753019
104,99032,Sprague,-117.99082,47.273264
105,98034,Kirkland,-122.19702,47.71828
106,98276,Nooksack,-122.335734,48.834208
107,98632,Longview,-122.98043,46.156082
108,98393,Tracyton,-122.649953,47.626717
109,98359,Olalla,-122.57159,47.43025
110,99209,Spokane,-117.793734,47.646148
111,98322,Burley,-122.729304,47.687971
112,99403,Clarkston,-117.08313,46.400365
113,99009,Elk,-117.24891,48.041663
114,98651,Underwood,-121.57558,45.730656
115,98485,South Prairie,-122.100892,47.140655
116,98343,Joyce,-123.872972,48.18315
117,98610,Carson,-121.91147,45.801513
118,98057,Renton,-121.803388,47.432251
119,99176,Thornton,-117.41047,47.117965
120,98939,Parker,-120.694658,46.56451
121,98389,South Prairie,-122.09356,47.137872
122,99201,Spokane,-117.43185,47.663945
123,98502,Olympia,-122.97702,47.071484
124,99169,Ritzville,-118.43136,47.107228
125,98584,Shelton,-123.10538,47.224044
126,98589,Tenino,-122.8326,46.857968
127,98206,Everett,-122.284785,47.859918
128,98270,Marysville,-122.1588,48.061269
129,98365,Port Ludlow,-122.69416,47.907561
130,98339,Port Hadlock,-122.7599,48.036882
131,98264,Lynden,-122.45723,48.943476
132,98930,Grandview,-119.90614,46.260129
133,99343,Mesa,-119.12107,46.581454
134,98314,Bremerton,-122.64915,47.559317
135,99001,Airway Heights,-117.59149,47.642922
136,99150,Malo,-118.59088,48.810879
137,99165,Pullman,-117.644337,46.838747
138,98195,Seattle,-121.803388,47.432251
139,98158,Seattle,-121.803388,47.432251
140,98323,Carbonado,-121.951,47.035525
141,98126,Seattle,-122.3748,47.54687
142,98326,Clallam Bay,-124.41188,48.181608
143,99107,Boyds,-118.182764,48.84269
144,98103,Seattle,-122.34166,47.671346
145,98645,Silverlake,-122.7757,46.318482
146,98822,Entiat,-120.35944,47.782158
147,99134,Harrington,-118.38258,47.460312
148,99036,Valleyford,-117.27054,47.52507
149,98205,Everett,-122.12723,47.993436
150,98901,Yakima,-120.46481,46.616199
151,98345,Keyport,-122.62554,47.702342
152,99217,Spokane,-117.33776,47.707542
153,98112,Seattle,-122.29752,47.629653
154,98059,Renton,-122.14169,47.493031
155,98520,Aberdeen,-123.81923,46.972965
156,98198,Seattle,-122.315,47.397521
157,98005,Bellevue,-122.16858,47.611021
158,98460,Tacoma,-122.113223,47.066193
159,98321,Buckley,-122.05255,47.155649
160,98053,Redmond,-122.03318,47.640972
161,99025,Newman Lake,-117.06934,47.751434
162,99341,Lind,-118.63676,46.912194
163,98236,Clinton,-122.40089,47.962134
164,99103,Almira,-118.95554,47.721863
165,98542,Ethel,-122.74407,46.532624
166,98203,Everett,-122.21792,47.943468
167,98297,Waldron,-123.02636,48.701835
168,98303,Anderson Island,-122.69584,47.16438
169,99335,Kahlotus,-118.55652,46.648121
170,99302,Pasco,-119.094271,46.234957
171,98060,Seattle,-121.803388,47.432251
172,98950,Vantage,-119.98939,46.880413
173,98942,Selah,-120.56997,46.726395
174,98349,Lakebay,-122.76897,47.268551
175,98590,Tokeland,-123.98121,46.737458
176,98052,Redmond,-122.12138,47.677471
177,98612,Cathlamet,-123.34624,46.208318
178,98286,Shaw Island,-122.96643,48.575362
179,98295,Sumas,-122.20146,48.971298
180,98569,Ocean Shores,-124.15607,46.983877
181,99114,Colville,-117.7671,48.658512
182,98312,Bremerton,-122.71293,47.564437
183,98490,Tacoma,-122.437043,47.248942
184,98353,Manchester,-122.54535,47.553289
185,98532,Chehalis,-123.01599,46.630721
186,98860,Wilson Creek,-119.13921,47.458634
187,98546,Grapeview,-122.92935,47.321442
188,98823,Ephrata,-119.57129,47.297368
189,98620,Goldendale,-120.75703,45.846697
190,98840,Okanogan,-119.57656,48.343356
191,98667,Vancouver,-122.520347,45.801586
192,98566,Neilton,-123.890317,47.387674
193,98674,Woodland,-122.70284,45.928662
194,98054,Redondo,-121.803388,47.432251
195,98663,Vancouver,-122.66162,45.647667
196,98609,Carrolls,-122.864838,46.071482
197,98907,Yakima,-120.573967,46.628757
198,98499,Lakewood,-122.50844,47.16632
199,99012,Fairfield,-117.18568,47.383651
200,98639,North Bonneville,-121.97167,45.650041
201,98385,South Prairie,-122.09819,47.138345
202,98338,Graham,-122.291,47.028423
203,98261,Lopez Island,-122.88271,48.481655
204,98813,Bridgeport,-119.66129,47.999618
205,98201,Everett,-122.20222,47.986274
206,99223,Spokane,-117.35892,47.614744
207,99127,Saint John,-117.644337,46.838747
208,98232,Bow,-122.41375,48.559548
209,98118,Seattle,-122.27496,47.543348
210,98468,Oakville,-123.228797,46.843337
211,98477,Tacoma,-122.113223,47.066193
212,98102,Seattle,-122.32253,47.63287
213,98039,Medina,-122.2328,47.626571
214,98819,Conconully,-119.75474,48.559477
215,98398,Paradise Inn,-122.113223,47.066193
216,99215,Spokane,-117.431742,47.653568
217,99154,Mohler,-118.3799,47.376884
218,99040,Wellpinit,-118.03661,47.863857
219,98595,Westport,-124.10735,46.887187
220,98117,Seattle,-122.37838,47.685919
221,98513,Olympia,-122.75285,47.00581
222,98148,Seattle,-122.33068,47.443756
223,98119,Seattle,-122.36694,47.63877
224,99037,Veradale,-117.19993,47.643346
225,98851,Soap Lake,-119.4624,47.400024
226,98394,Vaughn,-122.78309,47.336226
227,98811,Ardenvoir,-120.37126,47.737028
228,98579,Rochester,-123.08647,46.814438
229,99122,Davenport,-118.18938,47.671143
230,98199,Seattle,-122.39758,47.64767
231,98190,Seattle,-121.803388,47.432251
232,99141,Kettle Falls,-118.10045,48.690209
233,98004,Bellevue,-122.20308,47.618371
234,98177,Seattle,-122.36978,47.740886
235,98682,Vancouver,-122.51319,45.67309
236,99326,Connell,-118.8823,46.675704
237,98539,Doty,-123.2798,46.637787
238,99155,Nespelem,-119.00126,48.17266
239,98614,Chinook,-123.93844,46.282397
240,98586,South Bend,-123.85214,46.560786
241,99208,Spokane,-117.43916,47.740491
242,99156,Newport,-117.16984,48.159752
243,98376,Quilcene,-122.85233,47.826111
244,98357,Neah Bay,-124.64076,48.35306
245,98280,Orcas,-122.91828,48.594255
246,98684,Vancouver,-122.52023,45.627459
247,99124,Elmer City,-118.95248,47.998468
248,98023,Federal Way,-122.36178,47.309021
249,98821,Dryden,-120.5614,47.541723
250,99123,Electric City,-119.06531,47.907923
251,99149,Malden,-117.47364,47.227436
252,98415,Tacoma,-122.113223,47.066193
253,98390,Sumner,-122.1887,47.196364
254,99158,Oakesdale,-117.25463,47.136249
255,99319,Desert Aire,-119.911288,46.68039
256,98223,Arlington,-122.05288,48.203856
257,98070,Vashon,-122.46821,47.416198
258,99115,Coulee City,-119.3827,47.646132
259,98555,Lilliwaup,-123.06888,47.521614
260,98287,Silvana,-121.682271,48.037258
261,99333,Hooper,-117.644337,46.838747
262,99344,Othello,-119.17443,46.843397
263,98903,Yakima,-120.62097,46.550348
264,98072,Woodinville,-122.10205,47.758786
265,98932,Granger,-120.1843,46.345166
266,98003,Federal Way,-122.31188,47.311072
267,98271,Marysville,-122.21614,48.093129
268,98207,Everett,-121.682271,48.037258
269,99309,Mattawa,-119.901931,46.731046
270,98360,Orting,-122.14691,47.039607
271,99129,Fruitland,-118.21339,48.003202
272,98471,Tacoma,-122.113223,47.066193
273,98807,Wenatchee,-120.520211,47.905787
274,99301,Pasco,-119.09462,46.270249
275,99206,Spokane,-117.25912,47.646994
276,98244,Deming,-122.12547,48.841442
277,98288,Skykomish,-121.41445,47.658047
278,99202,Spokane,-117.37899,47.656692
279,98352,Sumner,-122.113223,47.066193
280,99185,Wilbur,-118.70628,47.756616
281,98208,Everett,-122.19797,47.893451
282,98552,Humptulips,-123.90189,47.355226
283,98377,Randle,-121.85094,46.525156
284,98384,South Colby,-122.539637,47.521803
285,98382,Sequim,-123.09916,48.079979
286,98936,Moxee,-120.33322,46.540842
287,98115,Seattle,-122.30122,47.68382
288,98328,Eatonville,-122.29237,46.884733
289,99322,Bickleton,-120.25547,45.963054
290,98114,Seattle,-121.803388,47.432251
291,98020,Edmonds,-122.37096,47.803668
292,98381,Sekiu,-124.37144,48.283826
293,98844,Oroville,-119.38169,48.9332
294,98929,Goose Prairie,-121.241591,46.915735
295,98366,Port Orchard,-122.59905,47.53587
296,98647,Skamokawa,-123.46828,46.296658
297,98320,Brinnon,-122.92868,47.705616
298,98638,Naselle,-123.76506,46.370075
299,99207,Spokane,-117.38829,47.693741
300,98175,Seattle,-122.33,47.61
301,98227,Bellingham,-121.988548,48.814753
302,98585,Silver Creek,-122.57616,46.528282
303,98105,Seattle,-122.30118,47.66377
304,98587,Taholah,-124.25814,47.32251
305,98424,Tacoma,-122.35916,47.242186
306,99125,Endicott,-117.7293,46.941628
307,98662,Vancouver,-122.57894,45.671806
308,98541,Elma,-123.40713,47.03575
309,99167,Rice,-118.11029,48.406582
310,98166,Seattle,-122.34943,47.458821
311,98522,Adna,-123.298384,46.571323
312,99174,Steptoe,-117.644337,46.838747
313,98332,Gig Harbor,-122.60011,47.364321
314,99031,Spangle,-117.37449,47.432691
315,98058,Renton,-122.14584,47.448322
316,98431,Tacoma,-122.113223,47.066193
317,98032,Kent,-122.25932,47.388254
318,98401,Tacoma,-122.444335,47.253671
319,98849,Riverside,-119.45276,48.528793
320,98464,Tacoma,-122.113223,47.066193
321,98164,Seattle,-122.33186,47.606139
322,98325,Chimacum,-122.78382,47.974586
323,98161,Seattle,-121.803388,47.432251
324,98220,Acme,-122.1977,48.681582
325,98846,Pateros,-119.9395,48.03925
326,98683,Vancouver,-122.51035,45.604075
327,98826,Leavenworth,-120.73874,47.728186
328,98547,Grayland,-124.08111,46.781978
329,98642,Ridgefield,-122.69804,45.795825
330,99323,Burbank,-118.87987,46.191158
331,98050,Preston,-121.931195,47.536015
332,99349,Mattawa,-119.8857,46.726526
333,98828,Malaga,-120.19929,47.333821
334,99332,Hatton,-118.82892,46.776386
335,98537,Cosmopolis,-123.6907,46.899189
336,98239,Coupeville,-122.66723,48.204162
337,98564,Mossyrock,-122.48668,46.50494
338,99139,Ione,-117.4111,48.736168
339,98617,Dallesport,-121.16835,45.632051
340,99402,Asotin,-117.12916,46.230508
341,98071,Auburn,-121.803388,47.432251
342,98249,Freeland,-122.54222,48.029176
343,98408,Tacoma,-122.44498,47.209021
344,98447,Tacoma,-122.113223,47.066193
345,98802,East Wenatchee,-120.25742,47.436898
346,98836,Monitor,-120.41354,47.481133
347,98664,Vancouver,-122.57947,45.62104
348,99320,Benton City,-119.47909,46.263399
349,98010,Black Diamond,-122.01479,47.317802
350,99133,Grand Coulee,-119.00713,47.947097
351,99348,Prescott,-118.44876,46.408852
352,99004,Cheney,-117.60575,47.466974
353,98847,Peshastin,-120.60457,47.552462
354,99251,Spokane,-117.431742,47.653568
355,99212,Spokane,-117.30668,47.668926
356,98358,Nordland,-122.68794,48.058323
357,98829,Malott,-119.73538,48.267188
358,98374,Puyallup,-122.26012,47.140045
359,99360,Touchet,-118.67264,46.059286
360,98007,Bellevue,-122.14104,47.610935
361,98467,University Place,-122.52996,47.203946
362,98002,Auburn,-122.21602,47.304221
363,98226,Bellingham,-122.43597,48.759079
364,98006,Bellevue,-122.1526,47.562975
365,98329,Gig Harbor,-122.7222,47.378121
366,99219,Spokane,-117.431742,47.653568
367,98405,Tacoma,-122.46599,47.248953
368,98107,Seattle,-122.37468,47.66747
369,99006,Deer Park,-117.48145,47.966471
370,99338,Kennewick,-119.23982,46.192356
371,99252,Spokane,-117.431742,47.653568
372,98396,Wilkeson,-122.0451,47.106024
373,99354,Richland,-119.3036548,46.3410986
374,98109,Seattle,-122.34675,47.630648
375,98290,Snohomish,-122.03976,47.930902
376,98650,Trout Lake,-121.5395,45.981582
377,99346,Plymouth,-119.35637,45.960734
378,98637,Nahcotta,-123.76903,46.514625
379,98386,Southworth,-122.499139,47.51037
380,98635,Lyle,-121.19784,45.726451
381,98138,Seattle,-121.803388,47.432251
382,98110,Bainbridge Island,-122.53508,47.65526
383,98351,Longbranch,-122.77537,47.200168
384,98817,Chelan Falls,-119.98921,47.79955
385,99014,Four Lakes,-117.595751,47.55988
386,98816,Chelan,-120.08379,47.880774
387,98012,Bothell,-122.20457,47.84311
388,98562,Moclips,-124.20789,47.254009
389,98089,Kent,-122.230032,47.380214
390,98853,Stratford,-119.28312,47.417461
391,98373,Puyallup,-122.31864,47.147862
392,98310,Bremerton,-122.62371,47.58675
393,99117,Creston,-118.49343,47.757764
394,99026,Nine Mile Falls,-117.59325,47.801194
395,98009,Bellevue,-121.803388,47.432251
396,98815,Cashmere,-120.48966,47.522546
397,99126,Evans,-117.97348,48.733324
398,98346,Kingston,-122.51962,47.807359
399,98331,Forks,-124.35888,47.838423
400,99356,Roosevelt,-120.28372,45.816528
401,99111,Colfax,-117.4092,46.875136
402,98571,Pacific Beach,-124.1974,47.216861
403,99327,Cunningham,-118.829153,46.828931
404,98444,Tacoma,-122.4485,47.153571
405,98858,Waterville,-119.90423,47.63205
406,98952,White Swan,-120.7144,46.377579
407,98380,Seabeck,-122.89456,47.596122
408,98494,Tacoma,-122.113223,47.066193
409,98064,Kent,-121.803388,47.432251
410,98944,Sunnyside,-119.99,46.342102
411,98850,Rock Island,-120.11338,47.360902
412,99017,Lamont,-117.85558,47.197445
413,98028,Kenmore,-122.24736,47.75287
414,99152,Metaline,-117.39106,48.858688
415,98591,Toledo,-122.80083,46.433226
416,98045,North Bend,-121.73254,47.483057
417,98181,Seattle,-121.803388,47.432251
418,98430,Camp Murray,-122.113223,47.066193
419,98841,Omak,-119.39066,48.403174
420,98074,Sammamish,-122.045347,47.625364
421,98383,Silverdale,-122.69055,47.667257
422,98185,Seattle,-121.803388,47.432251
423,98292,Stanwood,-122.38961,48.222046
424,98371,Puyallup,-122.31577,47.196272
425,99144,Lamona,-118.399551,47.60894
426,98923,Cowiche,-120.71558,46.662006
427,98104,Seattle,-122.32855,47.60252
428,98582,Salkum,-122.62556,46.513653
429,98293,Startup,-121.76849,47.870275
430,98505,Olympia,-122.976187,47.065404
431,98812,Brewster,-119.75203,48.112268
432,99121,Danville,-118.51457,48.977629
433,98229,Bellingham,-122.435478,48.725417
434,98284,Sedro Woolley,-122.16545,48.518653
435,98237,Concrete,-121.70018,48.497601
436,99138,Inchelium,-118.2979,48.207661
437,98509,Lacey,-122.702393,46.978118
438,98388,Steilacoom,-122.6005,47.164965
439,98631,Long Beach,-124.05022,46.365773
440,98031,Kent,-122.19644,47.388461
441,98122,Seattle,-122.30406,47.61157
442,98580,Roy,-122.48754,46.954282
443,98278,Oak Harbor,-122.655862,48.310127
444,98246,Bow,-121.417034,48.558127
445,99321,Beverly,-119.93088,46.834349
446,98146,Seattle,-122.35688,47.501753
447,98607,Camas,-122.40547,45.60916
448,99345,Paterson,-119.67687,45.922025
449,99023,Mica,-117.18352,47.554592
450,98370,Poulsbo,-122.63041,47.743302
451,99173,Springdale,-117.79563,48.030848
452,98530,Bucoda,-122.85123,46.797382
453,98356,Morton,-122.29514,46.562676
454,99143,Lacrosse,-117.91313,46.792982
455,98935,Mabton,-120.02966,46.177732
456,98938,Outlook,-120.09871,46.364164
457,98001,Auburn,-122.26608,47.303722
458,99005,Colbert,-117.37274,47.844289
459,98623,Husum,-121.487682,45.807631
460,98925,Easton,-121.24849,47.3042
461,98035,Kent,-121.803388,47.432251
462,98575,Quinault,-123.81031,47.489864
463,98367,Port Orchard,-122.66335,47.470971
464,99328,Dayton,-117.96887,46.319087
465,98041,Bothell,-121.803388,47.432251
466,99148,Loon Lake,-117.6013,48.102048
467,98337,Bremerton,-122.63479,47.569167
468,98526,Amanda Park,-124.02938,47.463965
469,98348,La Grande,-122.113223,47.066193
470,98524,Allyn,-122.8388,47.374343
471,99224,Spokane,-117.49326,47.632573
472,98412,Tacoma,-122.113223,47.066193
473,98653,Lyle,-121.286091,45.694098
474,99352,Richland,-119.28137,46.279657
475,98417,Tacoma,-122.4881526,47.2724095
476,98407,Tacoma,-122.50433,47.28392
477,99015,Freeman,-117.431742,47.653568
478,98392,Suquamish,-122.55751,47.735065
479,98611,Castle Rock,-122.8987,46.308371
480,98355,Mineral,-122.0348,46.711036
481,99110,Clayton,-117.57306,48.012084
482,99022,Medical Lake,-117.68812,47.583754
483,98572,Pe Ell,-123.30578,46.569107
484,98933,Harrah,-120.62421,46.406875
485,98493,Tacoma,-122.113223,47.066193
486,98144,Seattle,-122.30081,47.58577
487,98397,Longmire,-122.113223,47.066193
488,98258,Lake Stevens,-122.06327,48.028355
489,99218,Spokane,-117.4124,47.751674
490,98273,Mount Vernon,-122.35196,48.414576
491,98581,Ryderwood,-123.05308,46.373347
492,99130,Garfield,-117.19597,46.983768
493,98902,Yakima,-120.53102,46.595248
494,98576,Rainier,-122.67573,46.871178
495,98111,Seattle,-121.803388,47.432251
496,99204,Spokane,-117.43174,47.648941
497,98531,Centralia,-122.95142,46.728383
498,98448,Parkland,-122.422431,47.136544
499,98503,Lacey,-122.80359,47.027082
500,98859,Wauconda,-118.93303,48.810894
501,99160,Orient,-118.20557,48.86407
502,98194,Seattle,-122.33,47.61
503,98504,Olympia,-122.702393,46.978118
504,99034,Tumtum,-117.74582,47.858074
505,99131,Gifford,-118.09326,48.290089
506,99159,Odessa,-118.70235,47.338736
507,98909,Yakima,-120.794978,46.637538
508,98305,Beaver,-124.30909,48.066605
509,98446,Tacoma,-122.37589,47.1309
510,98583,Satsop,-123.483596,47.002178
511,98013,Burton,-121.803388,47.432251
512,98213,Everett,-122.2,47.9799999
513,98535,Copalis Beach,-124.16027,47.118566
514,98311,Bremerton,-122.63493,47.629717
515,99171,Saint John,-117.63938,47.11653
516,98021,Bothell,-122.22021,47.790653
517,98409,Tacoma,-122.48053,47.208987
518,98528,Belfair,-122.88417,47.445292
519,98139,Seattle,-122.330043,47.610199
520,99214,Spokane,-117.431742,47.653568
521,98548,Hoodsport,-123.21175,47.446725
522,98403,Tacoma,-122.45879,47.263971
523,98125,Seattle,-122.30308,47.716648
524,98443,Tacoma,-122.37678,47.202874
525,98015,Bellevue,-121.803388,47.432251
526,98814,Carlton,-120.12065,48.231421
527,98315,Silverdale,-122.71309,47.720777
528,98648,Stevenson,-121.91332,45.669604
529,98046,Lynnwood,-121.682271,48.037258
530,98350,La Push,-124.62202,47.905815
531,98628,Klickitat,-121.09804,45.82786
532,98855,Tonasket,-119.32169,48.689509
533,99260,Spokane,-117.431742,47.653568
534,98272,Monroe,-121.93734,47.860245
535,99033,Tekoa,-117.08133,47.222328
536,98604,Battle Ground,-122.51789,45.791345
537,98640,Ocean Park,-124.04801,46.501781
538,98833,Mazama,-120.47681,48.634796
539,98087,Lynnwood,-122.270947,47.860152
540,98507,Olympia,-122.702393,46.978118
541,98362,Port Angeles,-123.40628,48.097144
542,99170,Rosalia,-117.37365,47.240334
543,99147,Lincoln,-118.399551,47.60894
544,99181,Valley,-117.74564,48.144634
545,98375,Puyallup,-122.32247,47.112477
546,98516,Olympia,-122.78376,47.085046
547,98336,Glenoma,-122.11766,46.53619
548,98259,North Lakewood,-121.682271,48.037258
549,99220,Spokane,-117.431742,47.653568
550,98843,Orondo,-120.09326,47.745842
551,98245,Eastsound,-122.91972,48.672312
552,98536,Copalis Crossing,-124.14241,47.179475
553,98257,La Conner,-122.50476,48.393063
554,98391,Bonney Lake,-122.1702757,47.174049
555,99153,Metaline Falls,-117.29833,48.858518
556,98083,Kirkland,-121.803388,47.432251
557,98624,Ilwaco,-124.02968,46.312541
558,98862,Winthrop,-120.24261,48.488543
559,98121,Seattle,-122.34578,47.61487
560,98953,Zillah,-120.26699,46.418933
561,99164,Pullman,-117.644337,46.838747
562,98568,Oakville,-123.25649,46.84066
563,98075,Sammamish,-122.033685,47.584879
564,98255,Hamilton,-121.9887,48.525461
565,98387,Spanaway,-122.40517,47.077796
566,98832,Marlin,-119.03268,47.290624
567,98937,Naches,-120.97097,46.71207
568,99029,Reardan,-117.86164,47.693129
569,98668,Vancouver,-122.520347,45.801586
570,99020,Marshall,-117.4959,47.563191
571,98024,Fall City,-121.88638,47.565642
572,98512,Olympia,-122.99802,46.969793
573,99066,Deer Park,-117.472694,47.951939
574,98262,Lummi Island,-122.66658,48.699642
575,98067,Bellevue,-122.140193,47.617634
576,98250,Friday Harbor,-123.07563,48.55113
577,98613,Centerville,-120.96163,45.722786
578,99118,Curlew,-118.64475,48.890892
579,98124,Seattle,-121.803388,47.432251
580,99039,Waverly,-117.244981,47.329704
581,98132,Seattle,-121.803388,47.432251
582,98040,Mercer Island,-122.23233,47.569271
583,98416,Tacoma,-122.482076,47.264577
584,99350,Prosser,-119.74507,46.208571
585,98685,Vancouver,-122.68473,45.709555
586,98231,Blaine,-121.988548,48.814753
587,98940,Ronald,-121.02979,47.33394
588,98235,Clearlake,-122.23308,48.461672
589,98230,Blaine,-122.73714,48.961443
590,98845,Palisades,-119.82091,47.466573
591,99299,Spokane,-117.431742,47.653568
592,98251,Gold Bar,-121.66644,47.851713
593,98296,Snohomish,-122.11068,47.846083
594,98402,Tacoma,-122.43971,47.247671
595,98666,Vancouver,-122.520347,45.801586
596,98421,Tacoma,-122.41213,47.250681
597,98281,Point Roberts,-123.05047,48.99201
598,98920,Brownstown,-120.694658,46.56451
599,98616,Cougar,-122.29411,46.06517
600,98671,Washougal,-122.28112,45.594465
601,98204,Everett,-122.25064,47.90296
602,99030,Rockford,-117.11319,47.463725
603,98670,Wahkiacus,-121.14615,45.859065
604,99361,Waitsburg,-118.15884,46.209202
605,98496,Lakewood,-122.5091202,47.1666957
606,98947,Tieton,-120.75713,46.707735
607,99021,Mead,-117.22306,47.81108
608,99179,Uniontown,-117.08202,46.516794
609,98113,Shoreline,-122.35384,47.763669
610,98831,Manson,-120.12934,47.915227
611,98605,Bingen,-121.47838,45.719294
612,99211,Spokane,-117.431742,47.653568
613,98527,Bay Center,-123.95463,46.630051
614,98411,Tacoma,-122.113223,47.066193
615,98165,Seattle,-122.33,47.61
616,98921,Buena,-120.315141,46.421218
617,98082,Bothell,-121.803388,47.432251
618,99228,Spokane,-117.431742,47.653568
619,98422,Tacoma,-122.39835,47.296007
620,99116,Coulee Dam,-118.95862,47.995847
621,99140,Keller,-118.69498,48.080515
622,98665,Vancouver,-122.66712,45.681271
623,98093,Federal Way,-122.113791,47.311041
624,98438,Tacoma,-122.567631,47.151297
625,99166,Republic,-118.72647,48.657684
626,98941,Roslyn,-120.99286,47.224876
627,98904,Yakima,-120.694658,46.56451
628,98563,Montesano,-123.60332,47.034615
629,98256,Index,-121.50689,47.84138
630,98101,Seattle,-122.33438,47.61067
631,98030,Kent,-122.192276,47.369098
632,98465,Tacoma,-122.52818,47.247735
633,98188,Seattle,-122.27472,47.450321
634,98538,Curtis,-123.1016,46.483547
635,98160,Seattle,-121.803388,47.432251
636,98140,Seattle,-121.803388,47.432251
637,98619,Glenwood,-121.28904,46.018228
638,98019,Duvall,-121.96222,47.7353
639,98333,Fox Island,-122.6199,47.244053
640,99146,Laurier,-118.2897,48.92816
641,98644,Seaview,-124.05517,46.332077
642,98544,Galvin,-123.02536,46.734909
643,98934,Kittitas,-120.41782,46.984565
644,98372,Puyallup,-122.27131,47.198591
645,98131,Seattle,-121.803388,47.432251
646,98037,Lynnwood,-122.28348,47.848237
647,99119,Cusick,-117.31689,48.504786
648,98508,Olympia,-122.702393,46.978118
649,99371,Washtucna,-118.2869,46.782783
650,98291,Snohomish,-122.050108,47.909511
651,98277,Oak Harbor,-122.65093,48.303774
652,98856,Twisp,-120.13051,48.359904
653,98008,Bellevue,-122.1155,47.609222
654,99135,Hartline,-119.08897,47.641983
655,98294,Sultan,-121.78899,47.86527
656,98406,Tacoma,-122.49518,47.26302
657,98340,Hansville,-122.57489,47.910628
658,99205,Spokane,-117.43979,47.69399
659,98077,Woodinville,-122.0417346,47.7597609
660,99329,Dixie,-118.15325,46.138753
661,98686,Vancouver,-122.63419,45.712623
662,98560,Matlock,-123.43097,47.26332
663,98129,Seattle,-121.803388,47.432251
664,99347,Pomeroy,-117.57295,46.44754
665,98221,Anacortes,-122.61976,48.495234
666,98621,Grays River,-123.58307,46.348706
667,98625,Kalama,-122.79718,46.015873
668,98253,Greenbank,-122.57129,48.085852
669,98445,Tacoma,-122.41196,47.148269
670,98558,Mckenna,-122.55585,46.955863
671,98378,Retsil,-122.729304,47.687971
672,99109,Chewelah,-117.73437,48.269784
673,98154,Seattle,-122.33357,47.60632
674,98660,Vancouver,-122.69009,45.652255
675,98533,Cinebar,-122.53345,46.588026
676,98106,Seattle,-122.35443,47.53282
677,99256,Spokane,-117.431742,47.653568
678,98319,Duvall,-121.978279,47.741268
679,98279,Olga,-122.81372,48.63205
680,98363,Port Angeles,-123.63765,48.102836
681,98606,Brush Prairie,-122.48034,45.73451
682,98283,Rockport,-121.48418,48.509814
683,98675,Yacolt,-122.39221,45.843674
684,99105,Benge,-118.13247,46.866805
685,98626,Kelso,-122.88566,46.150433
686,98130,Seattle,-121.803388,47.432251
687,98622,Heisson,-122.520347,45.801586
688,98047,Pacific,-122.24463,47.26619
689,98731,Waller,-122.353089,47.185462
690,99401,Anatone,-117.2491,46.086657
691,98419,Tacoma,-122.4396661,47.2237979
692,98043,Mountlake Terrace,-122.30539,47.790969
693,98150,Seattle,-121.803388,47.432251
694,98593,Vader,-122.9827,46.40521
695,98834,Methow,-120.02851,48.138528
696,98241,Darrington,-121.56075,48.265483
697,98042,Kent,-122.11451,47.363382
698,98151,Seattle,-121.803388,47.432251
699,99357,Royal City,-119.67175,46.922079
700,99018,Latah,-117.13639,47.277842
701,98641,Oysterville,-124.02626,46.554
702,98439,Lakewood,-122.52294,47.12562
703,99101,Addy,-117.94318,48.305861
704,98413,Tacoma,-122.113223,47.066193
705,98330,Elbe,-122.17858,46.761546
706,98174,Seattle,-122.33523,47.604718
707,98466,Tacoma,-122.53272,47.230402
708,98029,Issaquah,-122.02065,47.572401
709,99013,Ford,-117.82325,47.889348
710,99027,Otis Orchards,-117.12007,47.703698
711,98073,Redmond,-121.803388,47.432251
712,98661,Vancouver,-122.62846,45.63873
713,98282,Camano,-122.48209,48.185511
714,98327,Dupont,-122.64326,47.088719
715,98395,Wauna,-122.832799,47.266017
716,98596,Winlock,-122.92262,46.493247
717,98672,White Salmon,-121.47523,45.786727
718,98565,Napavine,-122.90699,46.580105
719,98168,Seattle,-122.3027,47.491327
720,98240,Custer,-122.63256,48.931679
721,98055,Renton,-122.21005,47.467422
722,98068,Snoqualmie Pass,-121.39603,47.397811
723,98247,Everson,-122.32095,48.900256
724,98848,Quincy,-119.85868,47.18227
725,98601,Amboy,-122.43726,45.935656
726,98051,Ravensdale,-121.88657,47.359414
727,99324,College Place,-118.38466,46.044936
728,98304,Ashford,-122.01544,46.75523
729,98643,Rosburg,-123.62473,46.302905
730,98559,Malone,-123.32595,46.959091
731,98991,Roslyn,-120.993126,47.221837
732,98588,Tahuya,-123.02078,47.433993
733,99363,Wallula,-118.88468,46.059013
734,98557,Mccleary,-123.2739,47.054419
735,98368,Port Townsend,-122.79736,48.100255
736,99137,Hunters,-118.11361,48.174649
737,98501,Olympia,-122.8819,47.014718
738,98948,Toppenish,-120.33462,46.35653
739,98946,Thorp,-120.71232,47.087352
740,98556,Littlerock,-123.017043,46.902376
741,98827,Loomis,-119.68939,48.885618
742,98801,Wenatchee,-120.32881,47.425497
743,99336,Kennewick,-119.16369,46.210957
744,98026,Edmonds,-122.33651,47.821568
745,99216,Spokane,-117.21699,47.665819
746,98673,Wishram,-120.94997,45.661878
747,98492,Lakewood,-122.113223,47.066193
748,98233,Burlington,-122.33366,48.486892
749,99258,Spokane,-117.431742,47.653568
750,98141,Seattle,-122.330032,47.610206
751,98570,Onalaska,-122.65346,46.593526
752,99210,Spokane,-117.431742,47.653568
753,98922,Cle Elum,-120.91733,47.19377
754,99536,Kennewick,-119.160173,46.216706
